-- phpMyAdmin SQL Dump
-- version 5.0.1
-- https://www.phpmyadmin.net/
--
-- Host: 127.0.0.1
-- Generation Time: Mar 17, 2020 at 01:53 PM
-- Server version: 10.4.11-MariaDB
-- PHP Version: 7.4.1

SET SQL_MODE = "NO_AUTO_VALUE_ON_ZERO";
SET AUTOCOMMIT = 0;
START TRANSACTION;
SET time_zone = "+00:00";


/*!40101 SET @OLD_CHARACTER_SET_CLIENT=@@CHARACTER_SET_CLIENT */;
/*!40101 SET @OLD_CHARACTER_SET_RESULTS=@@CHARACTER_SET_RESULTS */;
/*!40101 SET @OLD_COLLATION_CONNECTION=@@COLLATION_CONNECTION */;
/*!40101 SET NAMES utf8mb4 */;

--
-- Database: `20s1_g2`
--

-- --------------------------------------------------------

--
-- Table structure for table `ci_sessions`
--

CREATE TABLE `ci_sessions` (
  `id` varchar(40) NOT NULL,
  `ip_address` varchar(45) NOT NULL,
  `timestamp` int(10) UNSIGNED NOT NULL DEFAULT 0,
  `data` blob NOT NULL
) ENGINE=InnoDB DEFAULT CHARSET=tis620;

--
-- Dumping data for table `ci_sessions`
--

INSERT INTO `ci_sessions` (`id`, `ip_address`, `timestamp`, `data`) VALUES
('k4t06n96hbm1pp0fapsfckldr3o6356g', '::1', 1584339390, 0x5f5f63695f6c6173745f726567656e65726174657c693a313538343333393339303b),
('d4ij4t1850ll4dq13c4fe7957l70kihp', '::1', 1584340093, 0x5f5f63695f6c6173745f726567656e65726174657c693a313538343334303039333b7569647c733a313a2232223b746f6b656e7c733a36343a2233616437616330616533653838313761363366326330363866363732653835366231613639633037333464616634643562376164393238313062323133306432223b),
('9sogkeb57v56660egggcle7rtg96pb99', '::1', 1584340518, 0x5f5f63695f6c6173745f726567656e65726174657c693a313538343334303531383b7569647c733a313a2232223b6e616d657c733a37333a22e0b899e0b8b2e0b8a2e0b890e0b8b4e0b895e0b8b4e0b89ee0b8b1e0b892e0b899e0b98c20e0b980e0b888e0b899e0b8a7e0b8b4e0b88ae0b88ae0b8b8e0b8a7e0b887e0b8a8e0b98c223b746f6b656e7c733a36343a2262363162373034643938353936323231396662373134613766343263646238396331633461376333376163636462313938323430613164393333663931633730223b),
('e66phpoomhole5lb9k0js8r4j2kc9g0s', '::1', 1584341308, 0x5f5f63695f6c6173745f726567656e65726174657c693a313538343334313330383b6e616d657c733a37333a22e0b899e0b8b2e0b8a2e0b890e0b8b4e0b895e0b8b4e0b89ee0b8b1e0b892e0b899e0b98c20e0b980e0b888e0b899e0b8a7e0b8b4e0b88ae0b88ae0b8b8e0b8a7e0b887e0b8a8e0b98c223b7569647c733a313a2232223b746f6b656e7c733a36343a2230373361346230633238653636396565653163363865653162636566323538353139386466356436366433646463636132643434373030373466333635653665223b),
('g71e2p5uk0pkelhktm5fli0o7pt674h4', '::1', 1584341612, 0x5f5f63695f6c6173745f726567656e65726174657c693a313538343334313631323b6e616d657c733a37333a22e0b899e0b8b2e0b8a2e0b890e0b8b4e0b895e0b8b4e0b89ee0b8b1e0b892e0b899e0b98c20e0b980e0b888e0b899e0b8a7e0b8b4e0b88ae0b88ae0b8b8e0b8a7e0b887e0b8a8e0b98c223b7569647c733a313a2232223b746f6b656e7c733a36343a2261323334613763343861356338616436333236323366353236666661353437623730643032303163393335656238656434653233303363643932303565613636223b),
('3jbjldhboaqr0ir3k9c63uforjhnc8qt', '::1', 1584341960, 0x5f5f63695f6c6173745f726567656e65726174657c693a313538343334313936303b6e616d657c733a37333a22e0b899e0b8b2e0b8a2e0b890e0b8b4e0b895e0b8b4e0b89ee0b8b1e0b892e0b899e0b98c20e0b980e0b888e0b899e0b8a7e0b8b4e0b88ae0b88ae0b8b8e0b8a7e0b887e0b8a8e0b98c223b7569647c733a313a2232223b746f6b656e7c733a36343a2261323334613763343861356338616436333236323366353236666661353437623730643032303163393335656238656434653233303363643932303565613636223b),
('726i79mavnebtqsdau8aq5rvfnr5pp8m', '::1', 1584341962, 0x5f5f63695f6c6173745f726567656e65726174657c693a313538343334313936303b6e616d657c733a37333a22e0b899e0b8b2e0b8a2e0b890e0b8b4e0b895e0b8b4e0b89ee0b8b1e0b892e0b899e0b98c20e0b980e0b888e0b899e0b8a7e0b8b4e0b88ae0b88ae0b8b8e0b8a7e0b887e0b8a8e0b98c223b7569647c733a313a2232223b746f6b656e7c733a36343a2261323334613763343861356338616436333236323366353236666661353437623730643032303163393335656238656434653233303363643932303565613636223b),
('l8rv7ev67hqvivdveubhsgvtt2931bnn', '::1', 1584436889, 0x5f5f63695f6c6173745f726567656e65726174657c693a313538343433363838393b7569647c733a313a2232223b6e616d657c733a37333a22e0b899e0b8b2e0b8a2e0b890e0b8b4e0b895e0b8b4e0b89ee0b8b1e0b892e0b899e0b98c20e0b980e0b888e0b899e0b8a7e0b8b4e0b88ae0b88ae0b8b8e0b8a7e0b887e0b8a8e0b98c223b746f6b656e7c733a36343a2262333163373064666338613962643930636130613839323439376364656265336364663836356235613437343762613434316435323537636166633336313830223b),
('4fhevkpvk311ulv2tuc9k0gtngiacafh', '::1', 1584437337, 0x5f5f63695f6c6173745f726567656e65726174657c693a313538343433373333373b7569647c733a313a2232223b6e616d657c733a37333a22e0b899e0b8b2e0b8a2e0b890e0b8b4e0b895e0b8b4e0b89ee0b8b1e0b892e0b899e0b98c20e0b980e0b888e0b899e0b8a7e0b8b4e0b88ae0b88ae0b8b8e0b8a7e0b887e0b8a8e0b98c223b746f6b656e7c733a36343a2262333163373064666338613962643930636130613839323439376364656265336364663836356235613437343762613434316435323537636166633336313830223b),
('fh3ntq6b1kvfr7ci8t7ha0nkafk2ev02', '::1', 1584438221, 0x5f5f63695f6c6173745f726567656e65726174657c693a313538343433383232313b7569647c733a313a2232223b6e616d657c733a37333a22e0b899e0b8b2e0b8a2e0b890e0b8b4e0b895e0b8b4e0b89ee0b8b1e0b892e0b899e0b98c20e0b980e0b888e0b899e0b8a7e0b8b4e0b88ae0b88ae0b8b8e0b8a7e0b887e0b8a8e0b98c223b746f6b656e7c733a36343a2262333163373064666338613962643930636130613839323439376364656265336364663836356235613437343762613434316435323537636166633336313830223b),
('osabu08hplp5o6av724s2vagp763rl64', '::1', 1584440531, 0x5f5f63695f6c6173745f726567656e65726174657c693a313538343434303533313b7569647c733a313a2232223b6e616d657c733a37333a22e0b899e0b8b2e0b8a2e0b890e0b8b4e0b895e0b8b4e0b89ee0b8b1e0b892e0b899e0b98c20e0b980e0b888e0b899e0b8a7e0b8b4e0b88ae0b88ae0b8b8e0b8a7e0b887e0b8a8e0b98c223b746f6b656e7c733a36343a2262333163373064666338613962643930636130613839323439376364656265336364663836356235613437343762613434316435323537636166633336313830223b),
('q3sd8smml060a4t3ta37fil6sag2tpn9', '::1', 1584441597, 0x5f5f63695f6c6173745f726567656e65726174657c693a313538343434313539373b7569647c733a313a2232223b6e616d657c733a37333a22e0b899e0b8b2e0b8a2e0b890e0b8b4e0b895e0b8b4e0b89ee0b8b1e0b892e0b899e0b98c20e0b980e0b888e0b899e0b8a7e0b8b4e0b88ae0b88ae0b8b8e0b8a7e0b887e0b8a8e0b98c223b746f6b656e7c733a36343a2262333163373064666338613962643930636130613839323439376364656265336364663836356235613437343762613434316435323537636166633336313830223b),
('gskb58qgqcluo4qc7ee15aptjsppp6qs', '::1', 1584441231, 0x5f5f63695f6c6173745f726567656e65726174657c693a313538343434313233313b),
('pdlhubmdtcr037otledh56td903u1uei', '::1', 1584441537, 0x5f5f63695f6c6173745f726567656e65726174657c693a313538343434313533373b),
('6amb99kh5hrh8c7b7m3s3eij721eu23d', '::1', 1584441663, 0x5f5f63695f6c6173745f726567656e65726174657c693a313538343434313533373b),
('rbfiarqotdsttlgpv1dotirg5f26mtgb', '::1', 1584442025, 0x5f5f63695f6c6173745f726567656e65726174657c693a313538343434323032353b7569647c733a313a2232223b6e616d657c733a37333a22e0b899e0b8b2e0b8a2e0b890e0b8b4e0b895e0b8b4e0b89ee0b8b1e0b892e0b899e0b98c20e0b980e0b888e0b899e0b8a7e0b8b4e0b88ae0b88ae0b8b8e0b8a7e0b887e0b8a8e0b98c223b746f6b656e7c733a36343a2262333163373064666338613962643930636130613839323439376364656265336364663836356235613437343762613434316435323537636166633336313830223b),
('im2irup8fl05uubi16l8s79p40m4694f', '::1', 1584442340, 0x5f5f63695f6c6173745f726567656e65726174657c693a313538343434323334303b7569647c733a313a2232223b6e616d657c733a37333a22e0b899e0b8b2e0b8a2e0b890e0b8b4e0b895e0b8b4e0b89ee0b8b1e0b892e0b899e0b98c20e0b980e0b888e0b899e0b8a7e0b8b4e0b88ae0b88ae0b8b8e0b8a7e0b887e0b8a8e0b98c223b746f6b656e7c733a36343a2262333163373064666338613962643930636130613839323439376364656265336364663836356235613437343762613434316435323537636166633336313830223b),
('2b8ii30dpoj9mjmt3rpkuue90mcqctil', '::1', 1584442723, 0x5f5f63695f6c6173745f726567656e65726174657c693a313538343434323732333b7569647c733a313a2232223b6e616d657c733a37333a22e0b899e0b8b2e0b8a2e0b890e0b8b4e0b895e0b8b4e0b89ee0b8b1e0b892e0b899e0b98c20e0b980e0b888e0b899e0b8a7e0b8b4e0b88ae0b88ae0b8b8e0b8a7e0b887e0b8a8e0b98c223b746f6b656e7c733a36343a2262333163373064666338613962643930636130613839323439376364656265336364663836356235613437343762613434316435323537636166633336313830223b),
('j2qu8624bl9epvcaijut3lpdc5064jad', '::1', 1584443102, 0x5f5f63695f6c6173745f726567656e65726174657c693a313538343434333130323b7569647c733a313a2232223b6e616d657c733a37333a22e0b899e0b8b2e0b8a2e0b890e0b8b4e0b895e0b8b4e0b89ee0b8b1e0b892e0b899e0b98c20e0b980e0b888e0b899e0b8a7e0b8b4e0b88ae0b88ae0b8b8e0b8a7e0b887e0b8a8e0b98c223b746f6b656e7c733a36343a2262333163373064666338613962643930636130613839323439376364656265336364663836356235613437343762613434316435323537636166633336313830223b),
('83kihfqfedj25qhldg1cvroprhm0620i', '::1', 1584443473, 0x5f5f63695f6c6173745f726567656e65726174657c693a313538343434333437333b7569647c733a313a2232223b6e616d657c733a37333a22e0b899e0b8b2e0b8a2e0b890e0b8b4e0b895e0b8b4e0b89ee0b8b1e0b892e0b899e0b98c20e0b980e0b888e0b899e0b8a7e0b8b4e0b88ae0b88ae0b8b8e0b8a7e0b887e0b8a8e0b98c223b746f6b656e7c733a36343a2262333163373064666338613962643930636130613839323439376364656265336364663836356235613437343762613434316435323537636166633336313830223b),
('7gsolbffkf3u1v0o43101hrb1evkn174', '::1', 1584443775, 0x5f5f63695f6c6173745f726567656e65726174657c693a313538343434333737353b7569647c733a313a2232223b6e616d657c733a37333a22e0b899e0b8b2e0b8a2e0b890e0b8b4e0b895e0b8b4e0b89ee0b8b1e0b892e0b899e0b98c20e0b980e0b888e0b899e0b8a7e0b8b4e0b88ae0b88ae0b8b8e0b8a7e0b887e0b8a8e0b98c223b746f6b656e7c733a36343a2262333163373064666338613962643930636130613839323439376364656265336364663836356235613437343762613434316435323537636166633336313830223b),
('vmdi3vo7m1040qgsigrsthtu211s3bl7', '::1', 1584444111, 0x5f5f63695f6c6173745f726567656e65726174657c693a313538343434343131313b7569647c733a313a2232223b6e616d657c733a37333a22e0b899e0b8b2e0b8a2e0b890e0b8b4e0b895e0b8b4e0b89ee0b8b1e0b892e0b899e0b98c20e0b980e0b888e0b899e0b8a7e0b8b4e0b88ae0b88ae0b8b8e0b8a7e0b887e0b8a8e0b98c223b746f6b656e7c733a36343a2262333163373064666338613962643930636130613839323439376364656265336364663836356235613437343762613434316435323537636166633336313830223b),
('1ik687nsoae8pujbqj9m6hpmlki1i4os', '::1', 1584444414, 0x5f5f63695f6c6173745f726567656e65726174657c693a313538343434343431343b7569647c733a313a2232223b6e616d657c733a37333a22e0b899e0b8b2e0b8a2e0b890e0b8b4e0b895e0b8b4e0b89ee0b8b1e0b892e0b899e0b98c20e0b980e0b888e0b899e0b8a7e0b8b4e0b88ae0b88ae0b8b8e0b8a7e0b887e0b8a8e0b98c223b746f6b656e7c733a36343a2262333163373064666338613962643930636130613839323439376364656265336364663836356235613437343762613434316435323537636166633336313830223b),
('3c53b0dnab17hm9asrp8ghrp2qcb1f5c', '::1', 1584444732, 0x5f5f63695f6c6173745f726567656e65726174657c693a313538343434343733323b7569647c733a313a2232223b6e616d657c733a37333a22e0b899e0b8b2e0b8a2e0b890e0b8b4e0b895e0b8b4e0b89ee0b8b1e0b892e0b899e0b98c20e0b980e0b888e0b899e0b8a7e0b8b4e0b88ae0b88ae0b8b8e0b8a7e0b887e0b8a8e0b98c223b746f6b656e7c733a36343a2262333163373064666338613962643930636130613839323439376364656265336364663836356235613437343762613434316435323537636166633336313830223b),
('bfuoualdkj162hta9n9ke3cfovrk06ui', '::1', 1584445093, 0x5f5f63695f6c6173745f726567656e65726174657c693a313538343434353039333b7569647c733a313a2232223b6e616d657c733a37333a22e0b899e0b8b2e0b8a2e0b890e0b8b4e0b895e0b8b4e0b89ee0b8b1e0b892e0b899e0b98c20e0b980e0b888e0b899e0b8a7e0b8b4e0b88ae0b88ae0b8b8e0b8a7e0b887e0b8a8e0b98c223b746f6b656e7c733a36343a2262333163373064666338613962643930636130613839323439376364656265336364663836356235613437343762613434316435323537636166633336313830223b),
('183i769ijvkqcdt0vv750aq8r85t7n9v', '::1', 1584445436, 0x5f5f63695f6c6173745f726567656e65726174657c693a313538343434353433363b7569647c733a313a2232223b6e616d657c733a37333a22e0b899e0b8b2e0b8a2e0b890e0b8b4e0b895e0b8b4e0b89ee0b8b1e0b892e0b899e0b98c20e0b980e0b888e0b899e0b8a7e0b8b4e0b88ae0b88ae0b8b8e0b8a7e0b887e0b8a8e0b98c223b746f6b656e7c733a36343a2262333163373064666338613962643930636130613839323439376364656265336364663836356235613437343762613434316435323537636166633336313830223b),
('67vfgjrp7r7eb69d7k94neo7q26j19jk', '::1', 1584445832, 0x5f5f63695f6c6173745f726567656e65726174657c693a313538343434353833323b7569647c733a313a2232223b6e616d657c733a37333a22e0b899e0b8b2e0b8a2e0b890e0b8b4e0b895e0b8b4e0b89ee0b8b1e0b892e0b899e0b98c20e0b980e0b888e0b899e0b8a7e0b8b4e0b88ae0b88ae0b8b8e0b8a7e0b887e0b8a8e0b98c223b746f6b656e7c733a36343a2262333163373064666338613962643930636130613839323439376364656265336364663836356235613437343762613434316435323537636166633336313830223b),
('ek4qgblgvf8tan5i165vekar2qd67usl', '::1', 1584446484, 0x5f5f63695f6c6173745f726567656e65726174657c693a313538343434363438343b7569647c733a313a2232223b6e616d657c733a37333a22e0b899e0b8b2e0b8a2e0b890e0b8b4e0b895e0b8b4e0b89ee0b8b1e0b892e0b899e0b98c20e0b980e0b888e0b899e0b8a7e0b8b4e0b88ae0b88ae0b8b8e0b8a7e0b887e0b8a8e0b98c223b746f6b656e7c733a36343a2262333163373064666338613962643930636130613839323439376364656265336364663836356235613437343762613434316435323537636166633336313830223b),
('epllsff1f6b7q59nvbtkdl4f3486v8gg', '::1', 1584446836, 0x5f5f63695f6c6173745f726567656e65726174657c693a313538343434363833363b7569647c733a313a2232223b6e616d657c733a37333a22e0b899e0b8b2e0b8a2e0b890e0b8b4e0b895e0b8b4e0b89ee0b8b1e0b892e0b899e0b98c20e0b980e0b888e0b899e0b8a7e0b8b4e0b88ae0b88ae0b8b8e0b8a7e0b887e0b8a8e0b98c223b746f6b656e7c733a36343a2262333163373064666338613962643930636130613839323439376364656265336364663836356235613437343762613434316435323537636166633336313830223b),
('305n7pup8f06bdkspef9etqbv1b3t9ic', '::1', 1584447222, 0x5f5f63695f6c6173745f726567656e65726174657c693a313538343434373232323b7569647c733a313a2232223b6e616d657c733a37333a22e0b899e0b8b2e0b8a2e0b890e0b8b4e0b895e0b8b4e0b89ee0b8b1e0b892e0b899e0b98c20e0b980e0b888e0b899e0b8a7e0b8b4e0b88ae0b88ae0b8b8e0b8a7e0b887e0b8a8e0b98c223b746f6b656e7c733a36343a2262333163373064666338613962643930636130613839323439376364656265336364663836356235613437343762613434316435323537636166633336313830223b),
('81lghuksjfuf0koq50cdh03mt85v26mv', '::1', 1584447618, 0x5f5f63695f6c6173745f726567656e65726174657c693a313538343434373631383b7569647c733a313a2232223b6e616d657c733a37333a22e0b899e0b8b2e0b8a2e0b890e0b8b4e0b895e0b8b4e0b89ee0b8b1e0b892e0b899e0b98c20e0b980e0b888e0b899e0b8a7e0b8b4e0b88ae0b88ae0b8b8e0b8a7e0b887e0b8a8e0b98c223b746f6b656e7c733a36343a2262333163373064666338613962643930636130613839323439376364656265336364663836356235613437343762613434316435323537636166633336313830223b),
('e96p8jftd1ia1iid46b5ml7bi35utn0m', '::1', 1584448018, 0x5f5f63695f6c6173745f726567656e65726174657c693a313538343434383031383b7569647c733a313a2232223b6e616d657c733a37333a22e0b899e0b8b2e0b8a2e0b890e0b8b4e0b895e0b8b4e0b89ee0b8b1e0b892e0b899e0b98c20e0b980e0b888e0b899e0b8a7e0b8b4e0b88ae0b88ae0b8b8e0b8a7e0b887e0b8a8e0b98c223b746f6b656e7c733a36343a2262333163373064666338613962643930636130613839323439376364656265336364663836356235613437343762613434316435323537636166633336313830223b),
('b3d463pr2v78qabl4rd1fetub3eopaf7', '::1', 1584448498, 0x5f5f63695f6c6173745f726567656e65726174657c693a313538343434383439383b7569647c733a313a2232223b6e616d657c733a37333a22e0b899e0b8b2e0b8a2e0b890e0b8b4e0b895e0b8b4e0b89ee0b8b1e0b892e0b899e0b98c20e0b980e0b888e0b899e0b8a7e0b8b4e0b88ae0b88ae0b8b8e0b8a7e0b887e0b8a8e0b98c223b746f6b656e7c733a36343a2262333163373064666338613962643930636130613839323439376364656265336364663836356235613437343762613434316435323537636166633336313830223b),
('qj7ap0gi3itv0r0u9jetld7e2f1ul663', '::1', 1584448804, 0x5f5f63695f6c6173745f726567656e65726174657c693a313538343434383830343b7569647c733a313a2232223b6e616d657c733a37333a22e0b899e0b8b2e0b8a2e0b890e0b8b4e0b895e0b8b4e0b89ee0b8b1e0b892e0b899e0b98c20e0b980e0b888e0b899e0b8a7e0b8b4e0b88ae0b88ae0b8b8e0b8a7e0b887e0b8a8e0b98c223b746f6b656e7c733a36343a2262333163373064666338613962643930636130613839323439376364656265336364663836356235613437343762613434316435323537636166633336313830223b),
('oa33kcdpf927l70f2n74qn3s8n1af9e5', '::1', 1584449349, 0x5f5f63695f6c6173745f726567656e65726174657c693a313538343434393334393b6e616d657c733a353a2241646d696e223b7569647c733a313a2232223b746f6b656e7c733a36343a2261353539356262393636323534316630633261383666363936333834343636316331626363316364343936323535343837626566376133333130633764666138223b),
('cvcuvc2p6s54pun8e8e2noahdcvp05lq', '::1', 1584449378, 0x5f5f63695f6c6173745f726567656e65726174657c693a313538343434393337383b7569647c733a313a2233223b6e616d657c733a37333a22e0b899e0b8b2e0b8a2e0b890e0b8b4e0b895e0b8b4e0b89ee0b8b1e0b892e0b899e0b98c20e0b980e0b888e0b899e0b8a7e0b8b4e0b88ae0b88ae0b8b8e0b8a7e0b887e0b8a8e0b98c223b746f6b656e7c733a36343a2263376532336565303965623832636434396231303539653865343730383937316162613536373061316230333732646463396163623837343239646532356562223b),
('fuosihhuukmutrmlb6ouijmsobu3kqua', '::1', 1584449488, 0x5f5f63695f6c6173745f726567656e65726174657c693a313538343434393334393b6e616d657c733a37333a22e0b899e0b8b2e0b8a2e0b890e0b8b4e0b895e0b8b4e0b89ee0b8b1e0b892e0b899e0b98c20e0b980e0b888e0b899e0b8a7e0b8b4e0b88ae0b88ae0b8b8e0b8a7e0b887e0b8a8e0b98c223b),
('glu6dstokj78pf47eumlclt1to3lv1mo', '::1', 1584449440, 0x5f5f63695f6c6173745f726567656e65726174657c693a313538343434393337383b6e616d657c733a37333a22e0b899e0b8b2e0b8a2e0b890e0b8b4e0b895e0b8b4e0b89ee0b8b1e0b892e0b899e0b98c20e0b980e0b888e0b899e0b8a7e0b8b4e0b88ae0b88ae0b8b8e0b8a7e0b887e0b8a8e0b98c223b);

-- --------------------------------------------------------

--
-- Table structure for table `device_list`
--

CREATE TABLE `device_list` (
  `list_id` char(64) NOT NULL,
  `list_spec` varchar(150) DEFAULT NULL,
  `list_status` tinyint(2) UNSIGNED NOT NULL DEFAULT 0,
  `list_permission` tinyint(2) UNSIGNED NOT NULL DEFAULT 0,
  `list_note` varchar(150) DEFAULT NULL,
  `list_location` varchar(50) DEFAULT NULL,
  `list_subid` int(11) NOT NULL,
  `updated_timestamp` timestamp NOT NULL DEFAULT current_timestamp() ON UPDATE current_timestamp(),
  `list_removed` tinyint(1) NOT NULL DEFAULT 0,
  `list_oldstatus` tinyint(2) DEFAULT NULL
) ENGINE=InnoDB DEFAULT CHARSET=utf8mb4;

--
-- Dumping data for table `device_list`
--

INSERT INTO `device_list` (`list_id`, `list_spec`, `list_status`, `list_permission`, `list_note`, `list_location`, `list_subid`, `updated_timestamp`, `list_removed`, `list_oldstatus`) VALUES
('02-081_56', 'Acer Veriton X', 2, 7, '', 'คลัง', 1, '2020-03-04 18:21:40', 0, NULL),
('02-082_56', 'Acer Veriton X', 3, 1, '', 'คลัง', 1, '2020-03-17 12:30:06', 0, 0),
('02-083_56', 'Acer Veriton X', 0, 1, 'แรมเสีย 1 แผงใช้งานได้แค่ 8 GB', 'คลัง', 1, '2020-03-04 04:21:02', 0, NULL),
('02-091_53', 'ACER G195HQ', 4, 0, 'เปลี่ยนจอ', 'SC06', 7, '2020-03-17 12:40:35', 0, NULL),
('02-092_58', 'DELL Optiplex 7070', 0, 1, '', 'คลัง', 1, '2020-03-04 04:20:24', 0, NULL),
('02-093_58', 'DELL Optiplex 7070', 0, 1, '', 'คลัง', 1, '2020-03-04 04:20:33', 0, NULL),
('02-094_58', 'DELL Optiplex 7070', 1, 1, '', 'นักศึกษา', 1, '2020-03-04 04:20:39', 0, NULL),
('02-094_60', 'Acer Predator', 0, 7, '', 'SC06', 1, '2020-03-04 11:50:07', 0, NULL),
('02-095_58', 'Dell Optiplex 7070', 0, 6, '', 'คลัง', 2, '2020-03-17 12:38:58', 0, NULL),
('02-096_58', 'Dell Optiplex 7070', 0, 6, 'แรมเหลือ 4', 'SC08', 2, '2020-03-17 12:38:10', 0, NULL),
('02-101_60', 'Dji Ronin', 1, 7, '', 'SC09', 4, '2020-03-13 15:18:05', 1, NULL);

-- --------------------------------------------------------

--
-- Table structure for table `device_sub`
--

CREATE TABLE `device_sub` (
  `sub_id` int(11) NOT NULL,
  `sub_name` varchar(100) NOT NULL,
  `sub_type` char(2) NOT NULL,
  `remove_sub` tinyint(1) NOT NULL DEFAULT 0
) ENGINE=InnoDB DEFAULT CHARSET=utf8mb4;

--
-- Dumping data for table `device_sub`
--

INSERT INTO `device_sub` (`sub_id`, `sub_name`, `sub_type`, `remove_sub`) VALUES
(1, 'ชุดคอมพิวเตอร์ประสิทธิภาพสูงสำหรับนักศึกษา', '13', 0),
(2, 'ชุดคอมพิวเตอร์ประสิทธิภาพสูง', '13', 0),
(3, 'อุปกรณ์ฉายภาพ', '13', 0),
(4, 'โดรน', '13', 0),
(5, 'โทรศัพท์มือถือ', '13', 0),
(6, 'ชุดอุปกรณ์แสดงภาพเสมือนจริง (VR)', '13', 0),
(7, 'จอแสดงผล', '13', 0);

-- --------------------------------------------------------

--
-- Table structure for table `device_type`
--

CREATE TABLE `device_type` (
  `type_id` char(2) NOT NULL,
  `type_name` varchar(100) NOT NULL,
  `remove_type` tinyint(1) NOT NULL DEFAULT 0
) ENGINE=InnoDB DEFAULT CHARSET=utf8mb4;

--
-- Dumping data for table `device_type`
--

INSERT INTO `device_type` (`type_id`, `type_name`, `remove_type`) VALUES
('01', 'อาคารถาวร', 0),
('02', 'อาคารชั่วคราว/โรงเรือน', 0),
('03', 'สิ่งก่อสร้าง', 0),
('04', 'ครุภัณฑ์สำนักงาน', 0),
('05', 'ครุภัณฑ์ยานพาหนะและขนส่ง', 0),
('06', 'ครุภัณฑ์ไฟฟ้าและวิทยุ', 0),
('07', 'ครุภัณฑ์โฆษณาและเผยแพร่', 0),
('08', 'ครุภัณฑ์การเกษตร', 0),
('09', 'ครุภัณฑ์โรงงาน', 0),
('10', 'ครุภัณฑ์ก่อสร้าง', 0),
('11', 'ครุภัณฑ์สำรวจ', 0),
('12', 'ครุภัณฑ์วิทยาศาสตร์การแพทย์', 0),
('13', 'ครุภัณฑ์คอมพิวเตอร์', 0),
('14', 'ครุภัณฑ์การศึกษา', 0),
('15', 'ครุภัณฑ์งานบ้านงานครัว', 0),
('16', 'ครุภัณฑ์กีฬา', 0),
('17', 'ครุภัณฑ์ดนตรีและนาฏศิลป์', 0),
('18', 'ครุภัณฑ์อาวุธ', 0),
('19', '11111', 1);

-- --------------------------------------------------------

--
-- Table structure for table `maintenance_request`
--

CREATE TABLE `maintenance_request` (
  `req_id` int(10) UNSIGNED NOT NULL,
  `req_deviceid` char(64) NOT NULL,
  `req_symptom` varchar(150) DEFAULT NULL,
  `req_location` varchar(150) DEFAULT NULL,
  `req_closed` tinyint(1) UNSIGNED NOT NULL DEFAULT 0,
  `req_priority` mediumint(4) UNSIGNED DEFAULT NULL,
  `req_timestamp` timestamp NULL DEFAULT current_timestamp(),
  `req_userpriority` mediumint(4) DEFAULT NULL,
  `req_user` int(11) NOT NULL
) ENGINE=InnoDB DEFAULT CHARSET=utf8mb4;

--
-- Dumping data for table `maintenance_request`
--

INSERT INTO `maintenance_request` (`req_id`, `req_deviceid`, `req_symptom`, `req_location`, `req_closed`, `req_priority`, `req_timestamp`, `req_userpriority`, `req_user`) VALUES
(4, '02-093_58', 'Ram เสีย', 'คลัง', 0, 4, '2020-03-17 11:12:46', 3, 2),
(5, '02-096_58', 'แรมโดนขโมย', 'SC08', 1, 1, '2020-03-17 11:17:45', 4, 2),
(6, '02-095_58', '', 'คลัง', 1, 3, '2020-03-17 11:17:59', 1, 2),
(9, '02-095_58', '', 'คลัง', 1, 2, '2020-03-17 11:20:15', 3, 2),
(10, '02-091_53', 'จอแตก', 'SC06', 1, NULL, '2020-03-17 12:40:04', 3, 2),
(11, '02-081_56', 'ดกิห', 'คลัง', 0, NULL, '2020-03-17 12:42:25', 4, 2);

-- --------------------------------------------------------

--
-- Table structure for table `user`
--

CREATE TABLE `user` (
  `uid` int(11) NOT NULL,
  `username` varchar(30) NOT NULL,
  `password` char(64) NOT NULL,
  `name` varchar(100) NOT NULL,
  `permission` tinyint(2) UNSIGNED NOT NULL,
  `token` char(64) DEFAULT NULL COMMENT 'SHA3-256'
) ENGINE=InnoDB DEFAULT CHARSET=utf8mb4;

--
-- Dumping data for table `user`
--

INSERT INTO `user` (`uid`, `username`, `password`, `name`, `permission`, `token`) VALUES
(2, 'admin', '1d6442ddcfd9db1ff81df77cbefcd5afcc8c7ca952ab3101ede17a84b866d3f3', 'Admin', 99, NULL),
(3, 'thitiphat.j@kkumail.com', '1d6442ddcfd9db1ff81df77cbefcd5afcc8c7ca952ab3101ede17a84b866d3f3', 'นายฐิติพัฒน์ เจนวิชชุวงศ์', 1, NULL),
(4, 'abc@kku.ac.th', '1d6442ddcfd9db1ff81df77cbefcd5afcc8c7ca952ab3101ede17a84b866d3f3', 'อาจารย์', 2, NULL);

--
-- Indexes for dumped tables
--

--
-- Indexes for table `device_list`
--
ALTER TABLE `device_list`
  ADD PRIMARY KEY (`list_id`),
  ADD KEY `is_a_list_for_sub` (`list_subid`);

--
-- Indexes for table `device_sub`
--
ALTER TABLE `device_sub`
  ADD PRIMARY KEY (`sub_id`),
  ADD KEY `type_of_sub` (`sub_type`);

--
-- Indexes for table `device_type`
--
ALTER TABLE `device_type`
  ADD PRIMARY KEY (`type_id`);

--
-- Indexes for table `maintenance_request`
--
ALTER TABLE `maintenance_request`
  ADD PRIMARY KEY (`req_id`),
  ADD KEY `maintaindeviceid` (`req_deviceid`),
  ADD KEY `erherherh` (`req_user`);

--
-- Indexes for table `user`
--
ALTER TABLE `user`
  ADD PRIMARY KEY (`uid`);

--
-- AUTO_INCREMENT for dumped tables
--

--
-- AUTO_INCREMENT for table `device_sub`
--
ALTER TABLE `device_sub`
  MODIFY `sub_id` int(11) NOT NULL AUTO_INCREMENT, AUTO_INCREMENT=13;

--
-- AUTO_INCREMENT for table `maintenance_request`
--
ALTER TABLE `maintenance_request`
  MODIFY `req_id` int(10) UNSIGNED NOT NULL AUTO_INCREMENT, AUTO_INCREMENT=12;

--
-- AUTO_INCREMENT for table `user`
--
ALTER TABLE `user`
  MODIFY `uid` int(11) NOT NULL AUTO_INCREMENT, AUTO_INCREMENT=5;

--
-- Constraints for dumped tables
--

--
-- Constraints for table `device_list`
--
ALTER TABLE `device_list`
  ADD CONSTRAINT `is_a_list_for_sub` FOREIGN KEY (`list_subid`) REFERENCES `device_sub` (`sub_id`);

--
-- Constraints for table `device_sub`
--
ALTER TABLE `device_sub`
  ADD CONSTRAINT `type_of_sub` FOREIGN KEY (`sub_type`) REFERENCES `device_type` (`type_id`);

--
-- Constraints for table `maintenance_request`
--
ALTER TABLE `maintenance_request`
  ADD CONSTRAINT `erherherh` FOREIGN KEY (`req_user`) REFERENCES `user` (`uid`),
  ADD CONSTRAINT `maintaindeviceid` FOREIGN KEY (`req_deviceid`) REFERENCES `device_list` (`list_id`);
COMMIT;

/*!40101 SET CHARACTER_SET_CLIENT=@OLD_CHARACTER_SET_CLIENT */;
/*!40101 SET CHARACTER_SET_RESULTS=@OLD_CHARACTER_SET_RESULTS */;
/*!40101 SET COLLATION_CONNECTION=@OLD_COLLATION_CONNECTION */;
